StudentID;Name;Grade
23560191;Student 1;998
23560632;Student 2;331
23560817;Student 3;432
23560117;Student 4;328
23560546;Student 5;553
23560902;Student 6;347
23560602;Student 7;90
23560369;Student 8;712
23560984;Student 9;114
23560406;Student 10;947
23560983;Student 11;244
23560246;Student 12;879
23560635;Student 13;261
23560354;Student 14;894
23560287;Student 15;674
23560144;Student 16;750
23560141;Student 17;472
23560404;Student 18;376
23560691;Student 19;380
23560770;Student 20;423
23560480;Student 21;181
23560972;Student 22;20
23560628;Student 23;300
23560377;Student 24;745
23560392;Student 25;900
23560130;Student 26;838
23560546;Student 27;525
23560092;Student 28;739
23560829;Student 29;621
23560154;Student 30;831
23560676;Student 31;68
23560349;Student 32;748
23560258;Student 33;939
23560934;Student 34;672
23560298;Student 35;38
23560219;Student 36;131
23560178;Student 37;370
23560075;Student 38;212
23560136;Student 39;877
23560647;Student 40;984
23560982;Student 41;12
23560579;Student 42;841
23560169;Student 43;81
23560548;Student 44;529
23560609;Student 45;502
23560060;Student 46;483
23560468;Student 47;866
23560954;Student 48;50
23560822;Student 49;936
23560279;Student 50;574
23560175;Student 51;493
23560798;Student 52;626
23560883;Student 53;324
23560011;Student 54;656
23560170;Student 55;718
23560768;Student 56;559
23560138;Student 57;743
23560344;Student 58;760
23560547;Student 59;190
23560839;Student 60;286
23560154;Student 61;350
23560532;Student 62;382
23560286;Student 63;803
23560586;Student 64;281
23560841;Student 65;529
23560212;Student 66;807
23560181;Student 67;384
23560181;Student 68;775
23560376;Student 69;563
23560146;Student 70;476
23560975;Student 71;620
23560145;Student 72;2
23560216;Student 73;746
23560813;Student 74;807
23560798;Student 75;916
23560982;Student 76;795
23560667;Student 77;648
23560455;Student 78;320
23560469;Student 79;470
23560079;Student 80;293
23560003;Student 81;111
23560886;Student 82;617
23560211;Student 83;816
23560879;Student 84;513
23560704;Student 85;57
23560363;Student 86;757
23560170;Student 87;526
23560304;Student 88;363
23560633;Student 89;842
23560772;Student 90;888
23560168;Student 91;298
23560989;Student 92;605
23560692;Student 93;264
23560011;Student 94;811
23560428;Student 95;881
23560743;Student 96;851
23560245;Student 97;795
23560098;Student 98;970
23560920;Student 99;431
23560026;Student 100;185
23560196;Student 101;938
23560694;Student 102;539
23560819;Student 103;689
23560337;Student 104;198
23560313;Student 105;977
23560163;Student 106;409
23560464;Student 107;1
23560290;Student 108;134
23560376;Student 109;187
23560440;Student 110;912
23560742;Student 111;351
23560135;Student 112;529
23560330;Student 113;542
23560519;Student 114;649
23560848;Student 115;489
23560062;Student 116;25
23560219;Student 117;369
23560628;Student 118;850
23560647;Student 119;924
23560911;Student 120;90
23560316;Student 121;318
23560896;Student 122;768
23560284;Student 123;98
23560983;Student 124;692
23560629;Student 125;682
23560083;Student 126;105
23560864;Student 127;789
23560117;Student 128;218
23560515;Student 129;189
23560222;Student 130;656
23560528;Student 131;910
23560084;Student 132;302
23560265;Student 133;293
23560287;Student 134;704
23560045;Student 135;38
23560923;Student 136;276
23560876;Student 137;105
23560760;Student 138;452
23560355;Student 139;125
23560966;Student 140;922
23560324;Student 141;943
23560616;Student 142;491
23560224;Student 143;615
23560090;Student 144;283
23560955;Student 145;101
23560072;Student 146;937
23560974;Student 147;305
23560286;Student 148;607
23560712;Student 149;690
23560061;Student 150;966
23560756;Student 151;862
23560931;Student 152;528
23560449;Student 153;348
23560708;Student 154;40
23560126;Student 155;111
23560267;Student 156;415
23560383;Student 157;241
23560813;Student 158;923
23560505;Student 159;591
23560488;Student 160;787
23560967;Student 161;451
23560719;Student 162;172
23560738;Student 163;402
23560372;Student 164;680
23560226;Student 165;83
23560617;Student 166;924
23560962;Student 167;537
23560021;Student 168;521
23560021;Student 169;960
23560843;Student 170;10
23560687;Student 171;305
23560796;Student 172;648
23560448;Student 173;800
23560032;Student 174;286
23560211;Student 175;526
23560972;Student 176;173
23560565;Student 177;815
23560482;Student 178;1
23560369;Student 179;301
23560817;Student 180;711
23560837;Student 181;970
23560756;Student 182;761
23560285;Student 183;760
23560461;Student 184;243
23560273;Student 185;268
23560943;Student 186;61
23560161;Student 187;709
23560918;Student 188;174
23560050;Student 189;692
23560280;Student 190;830
23560565;Student 191;438
23560249;Student 192;611
23560425;Student 193;867
23560213;Student 194;561
23560456;Student 195;366
23560732;Student 196;199
23560605;Student 197;266
23560511;Student 198;653
23560287;Student 199;185
23560499;Student 200;730